jour,type_operation,succes,details
0,commande,True,"graines=800, nourriture=800, pieces=500"
1,plantation,True,"serre=40, graines=8"
1,sinistre_garage,True,"garage=8, pv=90"
1,sinistre_serre,True,"serre=28, pv=86"
3,plantation,True,"serre=38, graines=11"
4,sinistre_serre,True,"serre=29, pv=57"
7,plantation,True,"serre=22, graines=6"
7,expedition_lancement,True,"exp=1, garage=8"
8,plantation,True,"serre=31, graines=15"
8,expedition_lancement,True,"exp=2, garage=7"
9,recolte,True,"serre=22, nourriture=6"
9,expedition_lancement,True,"exp=3, garage=1"
10,plantation,True,"serre=33, graines=4"
10,sinistre_serre,True,"serre=23, pv=68"
12,reparation,True,"sinistre=4, tech=10"
13,plantation,True,"serre=38, graines=14"
13,expedition_lancement,True,"exp=4, garage=3"
15,expedition_lancement,True,"exp=5, garage=15"
15,reparation,True,"sinistre=2, tech=4"
17,plantation,True,"serre=30, graines=11"
18,expedition_retour,True,"exp=1, pieces=12"
19,expedition_lancement,True,"exp=6, garage=13"
19,reparation,True,"sinistre=1, tech=26"
20,commande,True,"graines=104, nourriture=108, pieces=41"
20,plantation,True,"serre=29, graines=15"
21,plantation,True,"serre=34, graines=3"
21,recolte,True,"serre=33, nourriture=4"
23,plantation,True,"serre=31, graines=15"
24,expedition_retour,True,"exp=6, pieces=14"
24,reparation,True,"sinistre=3, tech=20"
25,plantation,True,"serre=31, graines=3"
27,expedition_retour,True,"exp=4, pieces=6"
29,expedition_retour,True,"exp=2, pieces=9"
31,plantation,True,"serre=35, graines=14"
33,recolte,True,"serre=34, nourriture=3"
34,expedition_lancement,True,"exp=9, garage=18"
35,sinistre_garage,True,"garage=14, pv=92"
35,reparation,True,"sinistre=5, tech=22"
36,plantation,True,"serre=37, graines=14"
39,sinistre_garage,True,"garage=4, pv=95"
39,reparation,True,"sinistre=6, tech=3"
40,commande,True,"graines=87, nourriture=125, pieces=53"
42,expedition_retour,True,"exp=3, pieces=2"
42,expedition_retour,True,"exp=5, pieces=13"
42,sinistre_garage,True,"garage=10, pv=59"
42,reparation,True,"sinistre=7, tech=18"
43,plantation,True,"serre=21, graines=7"
44,plantation,True,"serre=30, graines=10"
44,recolte,True,"serre=38, nourriture=25"
44,expedition_lancement,True,"exp=11, garage=15"
47,plantation,True,"serre=39, graines=8"
47,expedition_lancement,True,"exp=12, garage=14"
49,plantation,True,"serre=33, graines=9"
51,plantation,True,"serre=29, graines=3"
51,recolte,True,"serre=30, nourriture=21"
52,plantation,True,"serre=40, graines=3"
53,plantation,True,"serre=30, graines=6"
55,plantation,True,"serre=32, graines=8"
58,plantation,True,"serre=35, graines=10"
59,recolte,True,"serre=30, nourriture=6"
60,commande,True,"graines=60, nourriture=119, pieces=65"
60,plantation,True,"serre=25, graines=4"
60,recolte,True,"serre=37, nourriture=14"
63,plantation,True,"serre=31, graines=4"
63,expedition_retour,True,"exp=9, pieces=4"
64,sinistre_garage,True,"garage=14, pv=53"
64,reparation,True,"sinistre=8, tech=21"
65,plantation,True,"serre=34, graines=5"
65,expedition_lancement,True,"exp=13, garage=12"
67,plantation,True,"serre=22, graines=8"
67,expedition_retour,True,"exp=11, pieces=9"
67,expedition_retour,True,"exp=12, pieces=14"
68,expedition_lancement,True,"exp=14, garage=10"
69,plantation,True,"serre=28, graines=15"
69,sinistre_serre,True,"serre=25, pv=82"
69,reparation,True,"sinistre=9, tech=26"
70,plantation,True,"serre=33, graines=11"
70,recolte,True,"serre=29, nourriture=18"
71,plantation,True,"serre=37, graines=6"
71,recolte,True,"serre=25, nourriture=4"
71,expedition_lancement,True,"exp=15, garage=16"
72,plantation,True,"serre=23, graines=10"
73,plantation,True,"serre=30, graines=4"
75,plantation,True,"serre=22, graines=5"
76,expedition_retour,True,"exp=13, pieces=15"
77,plantation,True,"serre=30, graines=10"
78,plantation,True,"serre=30, graines=4"
79,recolte,True,"serre=31, nourriture=37"
80,commande,True,"graines=67, nourriture=121, pieces=69"
83,plantation,True,"serre=32, graines=15"
84,plantation,True,"serre=31, graines=14"
85,recolte,True,"serre=22, nourriture=13"
86,plantation,True,"serre=30, graines=10"
87,plantation,True,"serre=24, graines=5"
87,sinistre_serre,True,"serre=33, pv=82"
87,reparation,True,"sinistre=10, tech=11"
88,plantation,True,"serre=37, graines=14"
90,plantation,True,"serre=35, graines=15"
90,recolte,True,"serre=37, nourriture=20"
91,plantation,True,"serre=26, graines=15"
91,recolte,True,"serre=34, nourriture=5"
93,sinistre_serre,True,"serre=35, pv=77"
96,reparation,True,"sinistre=11, tech=12"
97,plantation,True,"serre=32, graines=7"
97,expedition_retour,True,"exp=15, pieces=14"
98,expedition_retour,True,"exp=14, pieces=6"
100,commande,True,"graines=69, nourriture=81, pieces=43"
101,expedition_lancement,True,"exp=17, garage=13"
102,plantation,True,"serre=39, graines=5"
102,sinistre_serre,True,"serre=26, pv=92"
103,sinistre_garage,True,"garage=9, pv=80"
104,plantation,True,"serre=21, graines=7"
105,plantation,True,"serre=29, graines=7"
105,recolte,True,"serre=23, nourriture=10"
105,expedition_lancement,True,"exp=18, garage=9"
105,sinistre_serre,True,"serre=29, pv=62"
106,plantation,True,"serre=27, graines=10"
107,plantation,True,"serre=36, graines=5"
107,expedition_lancement,True,"exp=19, garage=5"
108,reparation,True,"sinistre=14, tech=18"
110,expedition_retour,True,"exp=17, pieces=9"
110,reparation,True,"sinistre=13, tech=14"
111,plantation,True,"serre=23, graines=12"
111,recolte,True,"serre=26, nourriture=15"
112,plantation,True,"serre=26, graines=8"
112,reparation,True,"sinistre=12, tech=17"
113,plantation,True,"serre=38, graines=11"
115,recolte,True,"serre=39, nourriture=13"
117,plantation,True,"serre=23, graines=9"
118,plantation,True,"serre=25, graines=12"
119,plantation,True,"serre=28, graines=9"
119,sinistre_garage,True,"garage=16, pv=95"
120,commande,True,"graines=51, nourriture=81, pieces=74"
120,plantation,True,"serre=39, graines=3"
120,expedition_lancement,True,"exp=20, garage=12"
122,expedition_lancement,True,"exp=21, garage=19"
122,reparation,True,"sinistre=15, tech=2"
123,plantation,True,"serre=30, graines=4"
126,recolte,True,"serre=21, nourriture=14"
126,expedition_lancement,True,"exp=23, garage=1"
127,plantation,True,"serre=39, graines=8"
127,expedition_retour,True,"exp=18, pieces=9"
128,plantation,True,"serre=21, graines=8"
128,recolte,True,"serre=33, nourriture=20"
129,expedition_retour,True,"exp=19, pieces=4"
129,sinistre_serre,True,"serre=39, pv=83"
130,plantation,True,"serre=26, graines=10"
130,reparation,True,"sinistre=16, tech=16"
131,plantation,True,"serre=29, graines=5"
131,recolte,True,"serre=35, nourriture=39"
132,plantation,True,"serre=21, graines=4"
132,sinistre_garage,True,"garage=11, pv=95"
132,reparation,True,"sinistre=17, tech=25"
133,expedition_lancement,True,"exp=25, garage=13"
134,plantation,True,"serre=21, graines=8"
134,expedition_lancement,True,"exp=26, garage=9"
135,plantation,True,"serre=31, graines=15"
136,recolte,True,"serre=27, nourriture=10"
137,expedition_retour,True,"exp=20, pieces=12"
137,expedition_retour,True,"exp=21, pieces=13"
138,plantation,True,"serre=31, graines=15"
138,expedition_lancement,True,"exp=27, garage=19"
139,plantation,True,"serre=21, graines=3"
140,commande,True,"graines=98, nourriture=124, pieces=64"
140,plantation,True,"serre=31, graines=12"
141,recolte,True,"serre=21, nourriture=23"
143,sinistre_serre,True,"serre=22, pv=75"
144,plantation,True,"serre=29, graines=8"
144,sinistre_garage,True,"garage=13, pv=85"
144,reparation,True,"sinistre=19, tech=2"
145,plantation,True,"serre=33, graines=5"
145,expedition_retour,True,"exp=23, pieces=2"
145,reparation,True,"sinistre=18, tech=10"
146,plantation,True,"serre=27, graines=9"
147,plantation,True,"serre=32, graines=14"
148,recolte,True,"serre=28, nourriture=24"
150,plantation,True,"serre=24, graines=10"
150,recolte,True,"serre=31, nourriture=56"
154,plantation,True,"serre=26, graines=15"
154,recolte,True,"serre=26, nourriture=33"
154,sinistre_garage,True,"garage=15, pv=93"
155,plantation,True,"serre=21, graines=8"
155,sinistre_garage,True,"garage=1, pv=60"
156,reparation,True,"sinistre=21, tech=2"
157,plantation,True,"serre=40, graines=3"
157,expedition_lancement,True,"exp=28, garage=4"
157,sinistre_garage,True,"garage=4, pv=82"
157,reparation,True,"sinistre=20, tech=8"
158,plantation,True,"serre=37, graines=14"
158,expedition_retour,True,"exp=25, pieces=9"
159,plantation,True,"serre=39, graines=13"
159,sinistre_serre,True,"serre=24, pv=69"
160,commande,True,"graines=87, nourriture=113, pieces=59"
160,plantation,True,"serre=22, graines=3"
161,recolte,True,"serre=24, nourriture=15"
162,plantation,True,"serre=31, graines=3"
163,plantation,True,"serre=37, graines=10"
163,sinistre_garage,True,"garage=16, pv=92"
163,reparation,True,"sinistre=22, tech=19"
164,plantation,True,"serre=40, graines=12"
165,plantation,True,"serre=30, graines=11"
165,sinistre_garage,True,"garage=6, pv=95"
166,recolte,True,"serre=39, nourriture=24"
166,expedition_lancement,True,"exp=29, garage=15"
166,expedition_retour,True,"exp=27, pieces=2"
167,recolte,True,"serre=40, nourriture=26"
169,sinistre_serre,True,"serre=35, pv=71"
170,recolte,True,"serre=29, nourriture=20"
170,expedition_retour,True,"exp=26, pieces=14"
171,plantation,True,"serre=29, graines=3"
171,reparation,True,"sinistre=23, tech=26"
172,plantation,True,"serre=27, graines=13"
174,expedition_lancement,True,"exp=31, garage=7"
175,reparation,True,"sinistre=26, tech=21"
176,recolte,True,"serre=33, nourriture=5"
177,plantation,True,"serre=21, graines=12"
178,recolte,True,"serre=29, nourriture=3"
178,expedition_lancement,True,"exp=32, garage=19"
178,expedition_retour,True,"exp=29, pieces=3"
178,reparation,True,"sinistre=25, tech=12"
179,recolte,True,"serre=31, nourriture=3"
179,reparation,True,"sinistre=24, tech=7"
180,commande,True,"graines=60, nourriture=187, pieces=47"
181,plantation,True,"serre=26, graines=12"
182,plantation,True,"serre=37, graines=13"
183,recolte,True,"serre=26, nourriture=12"
183,expedition_lancement,True,"exp=33, garage=20"
184,plantation,True,"serre=26, graines=5"
185,expedition_lancement,True,"exp=35, garage=11"
187,expedition_retour,True,"exp=28, pieces=10"
188,plantation,True,"serre=38, graines=10"
189,expedition_lancement,True,"exp=37, garage=1"
189,expedition_retour,True,"exp=31, pieces=11"
189,sinistre_garage,True,"garage=9, pv=86"
190,plantation,True,"serre=22, graines=8"
190,recolte,True,"serre=26, nourriture=5"
190,expedition_lancement,True,"exp=38, garage=9"
190,sinistre_serre,True,"serre=23, pv=76"
191,expedition_retour,True,"exp=32, pieces=13"
192,plantation,True,"serre=28, graines=7"
192,expedition_lancement,True,"exp=39, garage=6"
192,reparation,True,"sinistre=27, tech=17"
193,recolte,True,"serre=22, nourriture=11"
194,reparation,True,"sinistre=28, tech=2"
195,plantation,True,"serre=27, graines=9"
196,recolte,True,"serre=36, nourriture=5"
196,expedition_lancement,True,"exp=40, garage=17"
197,plantation,True,"serre=38, graines=15"
198,sinistre_garage,True,"garage=6, pv=92"
198,reparation,True,"sinistre=29, tech=21"
199,plantation,True,"serre=23, graines=10"
199,expedition_lancement,True,"exp=42, garage=13"
200,commande,True,"graines=99, nourriture=119, pieces=44"
200,expedition_lancement,True,"exp=43, garage=18"
200,expedition_retour,True,"exp=35, pieces=10"
201,plantation,True,"serre=36, graines=7"
201,recolte,True,"serre=30, nourriture=43"
202,recolte,True,"serre=23, nourriture=31"
203,plantation,True,"serre=32, graines=10"
205,expedition_retour,True,"exp=39, pieces=14"
205,sinistre_garage,True,"garage=2, pv=54"
206,plantation,True,"serre=32, graines=15"
206,expedition_retour,True,"exp=37, pieces=13"
206,expedition_retour,True,"exp=38, pieces=13"
206,sinistre_serre,True,"serre=35, pv=90"
208,plantation,True,"serre=36, graines=15"
208,reparation,True,"sinistre=30, tech=3"
209,expedition_lancement,True,"exp=47, garage=8"
209,sinistre_garage,True,"garage=7, pv=80"
209,reparation,True,"sinistre=31, tech=13"
211,expedition_retour,True,"exp=43, pieces=15"
211,reparation,True,"sinistre=32, tech=13"
212,plantation,True,"serre=35, graines=8"
212,recolte,True,"serre=32, nourriture=69"
212,expedition_retour,True,"exp=33, pieces=5"
212,expedition_retour,True,"exp=40, pieces=3"
214,plantation,True,"serre=28, graines=5"
215,plantation,True,"serre=39, graines=6"
217,recolte,True,"serre=38, nourriture=36"
217,expedition_lancement,True,"exp=48, garage=18"
218,plantation,True,"serre=21, graines=7"
219,plantation,True,"serre=30, graines=8"
219,sinistre_garage,True,"garage=12, pv=71"
220,commande,True,"graines=114, nourriture=115, pieces=33"
220,plantation,True,"serre=39, graines=5"
220,reparation,True,"sinistre=33, tech=20"
221,plantation,True,"serre=25, graines=14"
222,plantation,True,"serre=36, graines=5"
222,expedition_retour,True,"exp=47, pieces=4"
223,plantation,True,"serre=40, graines=10"
224,plantation,True,"serre=37, graines=15"
224,expedition_lancement,True,"exp=49, garage=10"
225,plantation,True,"serre=38, graines=5"
225,sinistre_garage,True,"garage=15, pv=32"
226,expedition_retour,True,"exp=48, pieces=13"
227,plantation,True,"serre=30, graines=14"
227,expedition_retour,True,"exp=42, pieces=3"
227,sinistre_serre,True,"serre=29, pv=82"
228,plantation,True,"serre=21, graines=6"
228,reparation,True,"sinistre=34, tech=6"
230,recolte,True,"serre=25, nourriture=26"
230,expedition_lancement,True,"exp=51, garage=9"
230,sinistre_serre,True,"serre=39, pv=15"
232,plantation,True,"serre=27, graines=3"
232,sinistre_serre,True,"serre=30, pv=76"
233,sinistre_garage,True,"garage=5, pv=95"
234,plantation,True,"serre=31, graines=9"
235,sinistre_serre,True,"serre=36, pv=95"
235,reparation,True,"sinistre=38, tech=25"
236,expedition_lancement,True,"exp=53, garage=15"
236,reparation,True,"sinistre=37, tech=22"
237,expedition_lancement,True,"exp=54, garage=18"
237,reparation,True,"sinistre=35, tech=11"
239,expedition_lancement,True,"exp=55, garage=8"
239,reparation,True,"sinistre=39, tech=12"
240,commande,True,"graines=108, nourriture=142, pieces=31"
240,plantation,True,"serre=24, graines=8"
241,plantation,True,"serre=23, graines=14"
241,reparation,True,"sinistre=36, tech=7"
242,expedition_retour,True,"exp=49, pieces=10"
244,plantation,True,"serre=21, graines=5"
245,recolte,True,"serre=39, nourriture=11"
245,expedition_retour,True,"exp=51, pieces=11"
246,plantation,True,"serre=23, graines=13"
246,sinistre_serre,True,"serre=31, pv=55"
248,plantation,True,"serre=28, graines=10"
248,sinistre_garage,True,"garage=5, pv=18"
249,reparation,True,"sinistre=41, tech=6"
251,sinistre_serre,True,"serre=40, pv=95"
252,plantation,True,"serre=35, graines=13"
253,expedition_lancement,True,"exp=57, garage=4"
253,sinistre_garage,True,"garage=9, pv=95"
255,plantation,True,"serre=23, graines=8"
255,expedition_retour,True,"exp=54, pieces=15"
255,reparation,True,"sinistre=43, tech=3"
256,recolte,True,"serre=30, nourriture=22"
258,plantation,True,"serre=22, graines=7"
258,expedition_lancement,True,"exp=58, garage=20"
258,sinistre_garage,True,"garage=4, pv=79"
258,reparation,True,"sinistre=40, tech=15"
259,plantation,True,"serre=38, graines=5"
259,expedition_retour,True,"exp=53, pieces=4"
259,reparation,True,"sinistre=42, tech=2"
260,commande,True,"graines=112, nourriture=90, pieces=30"
261,plantation,True,"serre=27, graines=4"
262,plantation,True,"serre=30, graines=6"
262,reparation,True,"sinistre=44, tech=19"
263,expedition_retour,True,"exp=55, pieces=5"
264,plantation,True,"serre=24, graines=10"
264,expedition_lancement,True,"exp=60, garage=11"
266,recolte,True,"serre=30, nourriture=6"
266,expedition_lancement,True,"exp=61, garage=15"
269,plantation,True,"serre=32, graines=8"
271,plantation,True,"serre=31, graines=13"
273,plantation,True,"serre=33, graines=10"
273,expedition_retour,True,"exp=57, pieces=4"
273,expedition_retour,True,"exp=60, pieces=10"
274,plantation,True,"serre=28, graines=10"
275,plantation,True,"serre=34, graines=8"
275,expedition_lancement,True,"exp=63, garage=12"
275,sinistre_garage,True,"garage=15, pv=15"
275,reparation,True,"sinistre=45, tech=25"
277,expedition_lancement,True,"exp=64, garage=9"
277,expedition_retour,True,"exp=61, pieces=11"
278,plantation,True,"serre=37, graines=13"
280,commande,True,"graines=63, nourriture=107, pieces=39"
280,expedition_retour,True,"exp=58, pieces=11"
281,plantation,True,"serre=34, graines=14"
281,expedition_lancement,True,"exp=65, garage=1"
282,recolte,True,"serre=21, nourriture=38"
283,plantation,True,"serre=37, graines=14"
284,plantation,True,"serre=36, graines=4"
285,expedition_lancement,True,"exp=67, garage=5"
288,sinistre_garage,True,"garage=2, pv=36"
289,reparation,True,"sinistre=46, tech=17"
290,recolte,True,"serre=28, nourriture=32"
290,expedition_lancement,True,"exp=68, garage=10"
291,recolte,True,"serre=27, nourriture=38"
293,expedition_lancement,True,"exp=69, garage=16"
295,expedition_retour,True,"exp=64, pieces=13"
295,sinistre_serre,True,"serre=23, pv=72"
296,plantation,True,"serre=31, graines=12"
296,reparation,True,"sinistre=47, tech=7"
297,plantation,True,"serre=25, graines=8"
300,commande,True,"graines=83, nourriture=144, pieces=34"
300,expedition_lancement,True,"exp=70, garage=6"
303,plantation,True,"serre=21, graines=7"
303,expedition_lancement,True,"exp=71, garage=15"
304,sinistre_garage,True,"garage=9, pv=71"
304,reparation,True,"sinistre=48, tech=6"
305,plantation,True,"serre=34, graines=5"
305,recolte,True,"serre=22, nourriture=7"
305,expedition_retour,True,"exp=65, pieces=15"
306,plantation,True,"serre=36, graines=7"
306,recolte,True,"serre=34, nourriture=27"
306,expedition_retour,True,"exp=67, pieces=13"
308,expedition_lancement,True,"exp=73, garage=20"
309,plantation,True,"serre=28, graines=15"
309,expedition_lancement,True,"exp=74, garage=7"
310,plantation,True,"serre=33, graines=10"
310,sinistre_serre,True,"serre=31, pv=66"
311,expedition_lancement,True,"exp=76, garage=14"
311,expedition_retour,True,"exp=63, pieces=10"
311,expedition_retour,True,"exp=69, pieces=8"
311,expedition_retour,True,"exp=71, pieces=9"
311,reparation,True,"sinistre=49, tech=26"
312,recolte,True,"serre=35, nourriture=21"
312,expedition_retour,True,"exp=68, pieces=11"
317,plantation,True,"serre=32, graines=15"
317,expedition_retour,True,"exp=70, pieces=11"
318,plantation,True,"serre=32, graines=13"
318,expedition_retour,True,"exp=74, pieces=8"
320,commande,True,"graines=114, nourriture=93, pieces=40"
320,expedition_lancement,True,"exp=77, garage=7"
320,sinistre_serre,True,"serre=36, pv=90"
320,reparation,True,"sinistre=50, tech=13"
321,recolte,True,"serre=33, nourriture=20"
321,sinistre_serre,True,"serre=22, pv=23"
321,reparation,True,"sinistre=51, tech=22"
323,plantation,True,"serre=38, graines=12"
325,expedition_lancement,True,"exp=78, garage=2"
326,expedition_lancement,True,"exp=79, garage=6"
327,plantation,True,"serre=25, graines=5"
330,recolte,True,"serre=38, nourriture=22"
330,expedition_lancement,True,"exp=80, garage=1"
331,plantation,True,"serre=23, graines=5"
332,plantation,True,"serre=22, graines=6"
332,expedition_lancement,True,"exp=81, garage=17"
333,expedition_lancement,True,"exp=82, garage=18"
334,plantation,True,"serre=24, graines=5"
334,expedition_retour,True,"exp=76, pieces=5"
336,expedition_retour,True,"exp=78, pieces=5"
338,plantation,True,"serre=38, graines=12"
338,expedition_lancement,True,"exp=84, garage=14"
338,sinistre_serre,True,"serre=31, pv=44"
340,commande,True,"graines=53, nourriture=174, pieces=44"
340,reparation,True,"sinistre=52, tech=26"
341,plantation,True,"serre=22, graines=7"
341,expedition_retour,True,"exp=77, pieces=12"
343,expedition_lancement,True,"exp=85, garage=2"
344,plantation,True,"serre=22, graines=9"
345,plantation,True,"serre=36, graines=6"
345,expedition_retour,True,"exp=82, pieces=9"
346,plantation,True,"serre=27, graines=6"
347,expedition_lancement,True,"exp=86, garage=12"
347,expedition_retour,True,"exp=79, pieces=14"
349,plantation,True,"serre=35, graines=5"
350,expedition_retour,True,"exp=80, pieces=14"
352,plantation,True,"serre=29, graines=6"
353,expedition_retour,True,"exp=73, pieces=14"
354,plantation,True,"serre=34, graines=13"
355,plantation,True,"serre=23, graines=11"
356,plantation,True,"serre=23, graines=10"
356,recolte,True,"serre=21, nourriture=7"
356,expedition_retour,True,"exp=84, pieces=4"
357,recolte,True,"serre=35, nourriture=5"
357,expedition_lancement,True,"exp=88, garage=13"
358,plantation,True,"serre=34, graines=10"
359,recolte,True,"serre=34, nourriture=23"
360,commande,True,"graines=63, nourriture=144, pieces=79"
360,plantation,True,"serre=29, graines=4"
360,expedition_lancement,True,"exp=89, garage=15"
360,expedition_retour,True,"exp=85, pieces=3"
361,plantation,True,"serre=38, graines=6"
362,expedition_retour,True,"exp=88, pieces=2"
363,plantation,True,"serre=35, graines=6"
363,recolte,True,"serre=40, nourriture=10"
363,sinistre_garage,True,"garage=7, pv=89"
364,expedition_lancement,True,"exp=92, garage=6"
365,plantation,True,"serre=27, graines=5"
365,expedition_retour,True,"exp=81, pieces=13"
366,plantation,True,"serre=22, graines=13"
367,plantation,True,"serre=35, graines=7"
367,recolte,True,"serre=28, nourriture=15"
368,expedition_lancement,True,"exp=93, garage=13"
369,plantation,True,"serre=36, graines=6"
369,expedition_lancement,True,"exp=94, garage=17"
369,reparation,True,"sinistre=53, tech=11"
370,sinistre_garage,True,"garage=13, pv=60"
370,reparation,True,"sinistre=54, tech=22"
371,plantation,True,"serre=26, graines=3"
372,recolte,True,"serre=32, nourriture=36"
373,recolte,True,"serre=37, nourriture=79"
374,recolte,True,"serre=23, nourriture=61"
374,expedition_retour,True,"exp=94, pieces=3"
374,sinistre_garage,True,"garage=8, pv=80"
374,reparation,True,"sinistre=55, tech=26"
375,expedition_retour,True,"exp=86, pieces=14"
377,expedition_retour,True,"exp=89, pieces=13"
378,expedition_retour,True,"exp=92, pieces=3"
378,sinistre_serre,True,"serre=31, pv=56"
378,reparation,True,"sinistre=56, tech=23"
380,commande,True,"graines=61, nourriture=94, pieces=35"
380,plantation,True,"serre=25, graines=11"
380,sinistre_serre,True,"serre=35, pv=95"
381,plantation,True,"serre=39, graines=10"
381,expedition_lancement,True,"exp=96, garage=10"
381,sinistre_garage,True,"garage=11, pv=47"
382,sinistre_garage,True,"garage=10, pv=64"
384,plantation,True,"serre=30, graines=14"
385,expedition_lancement,True,"exp=98, garage=16"
385,sinistre_garage,True,"garage=3, pv=28"
385,reparation,True,"sinistre=57, tech=14"
386,plantation,True,"serre=29, graines=15"
389,expedition_lancement,True,"exp=99, garage=12"
389,reparation,True,"sinistre=58, tech=12"
390,plantation,True,"serre=28, graines=9"
391,plantation,True,"serre=37, graines=14"
391,recolte,True,"serre=25, nourriture=24"
391,sinistre_serre,True,"serre=32, pv=55"
392,plantation,True,"serre=28, graines=4"
393,recolte,True,"serre=37, nourriture=14"
393,sinistre_garage,True,"garage=15, pv=66"
394,reparation,True,"sinistre=59, tech=25"
395,plantation,True,"serre=34, graines=10"
395,expedition_retour,True,"exp=98, pieces=3"
395,sinistre_garage,True,"garage=9, pv=81"
395,reparation,True,"sinistre=61, tech=19"
396,plantation,True,"serre=31, graines=3"
396,recolte,True,"serre=36, nourriture=50"
397,expedition_lancement,True,"exp=100, garage=16"
397,reparation,True,"sinistre=62, tech=26"
398,expedition_lancement,True,"exp=101, garage=5"
400,commande,True,"graines=90, nourriture=194, pieces=33"
400,plantation,True,"serre=32, graines=8"
400,expedition_lancement,True,"exp=102, garage=1"
402,expedition_retour,True,"exp=93, pieces=4"
402,expedition_retour,True,"exp=96, pieces=13"
403,plantation,True,"serre=35, graines=11"
404,recolte,True,"serre=27, nourriture=11"
404,sinistre_garage,True,"garage=12, pv=72"
404,reparation,True,"sinistre=64, tech=19"
405,reparation,True,"sinistre=63, tech=22"
406,recolte,True,"serre=35, nourriture=24"
406,expedition_lancement,True,"exp=103, garage=6"
408,sinistre_garage,True,"garage=4, pv=60"
409,recolte,True,"serre=24, nourriture=23"
411,plantation,True,"serre=37, graines=8"
412,plantation,True,"serre=36, graines=4"
412,recolte,True,"serre=29, nourriture=25"
412,expedition_lancement,True,"exp=104, garage=11"
413,expedition_lancement,True,"exp=105, garage=3"
413,expedition_retour,True,"exp=99, pieces=5"
414,expedition_lancement,True,"exp=106, garage=4"
414,sinistre_serre,True,"serre=32, pv=95"
414,reparation,True,"sinistre=66, tech=15"
416,recolte,True,"serre=37, nourriture=8"
417,plantation,True,"serre=33, graines=9"
417,recolte,True,"serre=34, nourriture=10"
418,plantation,True,"serre=39, graines=3"
418,sinistre_garage,True,"garage=11, pv=15"
418,sinistre_serre,True,"serre=32, pv=90"
420,commande,True,"graines=68, nourriture=178, pieces=75"
420,reparation,True,"sinistre=60, tech=6"
421,plantation,True,"serre=29, graines=15"
422,expedition_retour,True,"exp=102, pieces=4"
422,expedition_retour,True,"exp=103, pieces=8"
423,expedition_retour,True,"exp=101, pieces=5"
424,plantation,True,"serre=34, graines=7"
424,expedition_lancement,True,"exp=108, garage=9"
424,expedition_retour,True,"exp=100, pieces=15"
426,expedition_retour,True,"exp=105, pieces=2"
429,reparation,True,"sinistre=68, tech=2"
431,plantation,True,"serre=39, graines=9"
431,sinistre_serre,True,"serre=39, pv=95"
432,reparation,True,"sinistre=65, tech=2"
433,recolte,True,"serre=38, nourriture=18"
433,expedition_retour,True,"exp=104, pieces=14"
434,plantation,True,"serre=23, graines=4"
435,expedition_lancement,True,"exp=109, garage=10"
435,reparation,True,"sinistre=69, tech=17"
436,expedition_lancement,True,"exp=110, garage=12"
436,sinistre_garage,True,"garage=5, pv=95"
436,reparation,True,"sinistre=70, tech=17"
438,plantation,True,"serre=23, graines=10"
439,plantation,True,"serre=27, graines=10"
439,sinistre_serre,True,"serre=30, pv=93"
439,reparation,True,"sinistre=71, tech=24"
440,commande,True,"graines=59, nourriture=153, pieces=71"
440,plantation,True,"serre=39, graines=3"
441,plantation,True,"serre=33, graines=4"
443,plantation,True,"serre=39, graines=9"
444,plantation,True,"serre=27, graines=10"
446,plantation,True,"serre=38, graines=4"
446,expedition_lancement,True,"exp=112, garage=13"
446,expedition_retour,True,"exp=110, pieces=7"
446,sinistre_garage,True,"garage=13, pv=21"
446,reparation,True,"sinistre=67, tech=21"
447,plantation,True,"serre=29, graines=6"
448,expedition_retour,True,"exp=106, pieces=7"
448,sinistre_garage,True,"garage=6, pv=31"
449,expedition_retour,True,"exp=109, pieces=14"
449,sinistre_garage,True,"garage=11, pv=80"
450,plantation,True,"serre=28, graines=12"
451,expedition_retour,True,"exp=108, pieces=2"
452,recolte,True,"serre=27, nourriture=20"
452,sinistre_serre,True,"serre=30, pv=83"
453,reparation,True,"sinistre=74, tech=9"
454,plantation,True,"serre=39, graines=13"
454,expedition_lancement,True,"exp=113, garage=14"
455,plantation,True,"serre=39, graines=7"
455,sinistre_garage,True,"garage=17, pv=45"
457,plantation,True,"serre=35, graines=9"
457,recolte,True,"serre=30, nourriture=14"
459,expedition_lancement,True,"exp=114, garage=15"
460,commande,True,"graines=58, nourriture=102, pieces=71"
462,reparation,True,"sinistre=73, tech=8"
463,plantation,True,"serre=21, graines=8"
463,expedition_retour,True,"exp=112, pieces=7"
464,plantation,True,"serre=38, graines=8"
464,recolte,True,"serre=29, nourriture=21"
465,plantation,True,"serre=27, graines=8"
465,expedition_lancement,True,"exp=115, garage=7"
466,sinistre_garage,True,"garage=18, pv=15"
467,plantation,True,"serre=22, graines=9"
468,plantation,True,"serre=35, graines=5"
468,recolte,True,"serre=32, nourriture=8"
470,expedition_lancement,True,"exp=116, garage=8"
471,plantation,True,"serre=32, graines=3"
472,plantation,True,"serre=30, graines=11"
473,plantation,True,"serre=40, graines=3"
473,recolte,True,"serre=31, nourriture=37"
474,expedition_retour,True,"exp=113, pieces=4"
476,plantation,True,"serre=39, graines=8"
476,sinistre_garage,True,"garage=14, pv=95"
479,plantation,True,"serre=31, graines=6"
480,commande,True,"graines=80, nourriture=136, pieces=76"
480,plantation,True,"serre=30, graines=8"
480,expedition_lancement,True,"exp=118, garage=14"
481,recolte,True,"serre=23, nourriture=14"
481,expedition_lancement,True,"exp=119, garage=17"
481,reparation,True,"sinistre=76, tech=20"
483,sinistre_garage,True,"garage=10, pv=87"
484,plantation,True,"serre=35, graines=6"
484,expedition_retour,True,"exp=115, pieces=11"
484,reparation,True,"sinistre=75, tech=19"
485,expedition_retour,True,"exp=116, pieces=3"
486,expedition_retour,True,"exp=114, pieces=2"
487,plantation,True,"serre=36, graines=7"
489,plantation,True,"serre=25, graines=15"
490,plantation,True,"serre=35, graines=9"
491,plantation,True,"serre=37, graines=6"
491,expedition_lancement,True,"exp=120, garage=6"
492,expedition_lancement,True,"exp=121, garage=4"
492,reparation,True,"sinistre=79, tech=2"
493,expedition_retour,True,"exp=118, pieces=6"
494,expedition_lancement,True,"exp=122, garage=8"
495,sinistre_garage,True,"garage=16, pv=84"
496,expedition_retour,True,"exp=119, pieces=7"
497,plantation,True,"serre=24, graines=3"
497,reparation,True,"sinistre=80, tech=14"
498,expedition_lancement,True,"exp=123, garage=10"
499,plantation,True,"serre=31, graines=4"
499,recolte,True,"serre=40, nourriture=3"
499,expedition_lancement,True,"exp=124, garage=12"
500,commande,True,"graines=86, nourriture=185, pieces=57"
500,plantation,True,"serre=25, graines=15"
500,expedition_retour,True,"exp=121, pieces=7"
500,reparation,True,"sinistre=78, tech=21"
501,recolte,True,"serre=33, nourriture=13"
502,plantation,True,"serre=32, graines=10"
503,expedition_lancement,True,"exp=125, garage=9"
503,sinistre_garage,True,"garage=9, pv=71"
504,plantation,True,"serre=22, graines=8"
504,reparation,True,"sinistre=81, tech=12"
505,plantation,True,"serre=23, graines=5"
507,plantation,True,"serre=27, graines=7"
508,recolte,True,"serre=35, nourriture=29"
509,sinistre_serre,True,"serre=40, pv=73"
510,plantation,True,"serre=30, graines=12"
511,plantation,True,"serre=30, graines=7"
511,recolte,True,"serre=27, nourriture=15"
512,plantation,True,"serre=33, graines=15"
513,plantation,True,"serre=40, graines=12"
515,plantation,True,"serre=24, graines=12"
516,plantation,True,"serre=22, graines=4"
516,sinistre_garage,True,"garage=20, pv=86"
517,expedition_retour,True,"exp=120, pieces=10"
518,plantation,True,"serre=30, graines=9"
518,sinistre_serre,True,"serre=34, pv=53"
520,commande,True,"graines=52, nourriture=180, pieces=56"
521,expedition_retour,True,"exp=123, pieces=3"
521,reparation,True,"sinistre=82, tech=16"
522,plantation,True,"serre=27, graines=4"
522,expedition_lancement,True,"exp=128, garage=6"
523,plantation,True,"serre=33, graines=7"
523,expedition_retour,True,"exp=122, pieces=8"
523,expedition_retour,True,"exp=125, pieces=8"
523,sinistre_serre,True,"serre=28, pv=72"
524,expedition_lancement,True,"exp=129, garage=20"
524,reparation,True,"sinistre=77, tech=7"
525,plantation,True,"serre=23, graines=3"
527,plantation,True,"serre=23, graines=10"
529,expedition_retour,True,"exp=129, pieces=7"
530,plantation,True,"serre=24, graines=13"
530,expedition_retour,True,"exp=124, pieces=15"
531,recolte,True,"serre=26, nourriture=3"
532,recolte,True,"serre=23, nourriture=18"
532,expedition_lancement,True,"exp=130, garage=4"
534,plantation,True,"serre=38, graines=5"
534,recolte,True,"serre=28, nourriture=25"
534,expedition_lancement,True,"exp=131, garage=17"
534,reparation,True,"sinistre=83, tech=12"
535,plantation,True,"serre=36, graines=7"
536,plantation,True,"serre=31, graines=11"
536,expedition_lancement,True,"exp=132, garage=7"
537,plantation,True,"serre=23, graines=8"
539,plantation,True,"serre=34, graines=9"
539,sinistre_serre,True,"serre=37, pv=95"
540,commande,True,"graines=54, nourriture=144, pieces=50"
540,recolte,True,"serre=25, nourriture=30"
540,sinistre_garage,True,"garage=19, pv=82"
541,plantation,True,"serre=32, graines=14"
541,expedition_lancement,True,"exp=133, garage=5"
542,reparation,True,"sinistre=84, tech=26"
544,plantation,True,"serre=23, graines=13"
544,reparation,True,"sinistre=86, tech=3"
546,recolte,True,"serre=31, nourriture=21"
546,expedition_lancement,True,"exp=134, garage=16"
546,reparation,True,"sinistre=85, tech=26"
547,plantation,True,"serre=21, graines=7"
547,expedition_retour,True,"exp=130, pieces=4"
547,expedition_retour,True,"exp=132, pieces=7"
548,plantation,True,"serre=30, graines=8"
550,expedition_lancement,True,"exp=136, garage=11"
551,plantation,True,"serre=27, graines=5"
551,expedition_lancement,True,"exp=137, garage=1"
551,expedition_retour,True,"exp=128, pieces=10"
553,sinistre_garage,True,"garage=14, pv=95"
554,expedition_lancement,True,"exp=138, garage=15"
555,expedition_retour,True,"exp=131, pieces=10"
555,sinistre_garage,True,"garage=20, pv=40"
556,plantation,True,"serre=28, graines=12"
558,recolte,True,"serre=22, nourriture=56"
559,plantation,True,"serre=28, graines=8"
559,expedition_lancement,True,"exp=139, garage=3"
560,commande,True,"graines=83, nourriture=189, pieces=75"
560,recolte,True,"serre=40, nourriture=12"
560,reparation,True,"sinistre=88, tech=19"
561,plantation,True,"serre=28, graines=6"
561,reparation,True,"sinistre=72, tech=21"
562,expedition_retour,True,"exp=133, pieces=14"
563,plantation,True,"serre=38, graines=13"
563,recolte,True,"serre=36, nourriture=18"
564,plantation,True,"serre=34, graines=5"
565,plantation,True,"serre=28, graines=12"
565,sinistre_serre,True,"serre=36, pv=95"
566,reparation,True,"sinistre=90, tech=3"
567,plantation,True,"serre=39, graines=8"
567,reparation,True,"sinistre=87, tech=13"
568,expedition_retour,True,"exp=134, pieces=14"
569,sinistre_garage,True,"garage=8, pv=95"
571,plantation,True,"serre=39, graines=11"
571,sinistre_garage,True,"garage=10, pv=94"
571,reparation,True,"sinistre=92, tech=15"
572,plantation,True,"serre=39, graines=13"
572,expedition_lancement,True,"exp=140, garage=13"
573,expedition_retour,True,"exp=138, pieces=13"
574,plantation,True,"serre=29, graines=13"
574,expedition_retour,True,"exp=137, pieces=10"
575,expedition_lancement,True,"exp=141, garage=20"
576,plantation,True,"serre=30, graines=11"
576,recolte,True,"serre=27, nourriture=9"
576,sinistre_serre,True,"serre=35, pv=44"
577,plantation,True,"serre=24, graines=13"
577,recolte,True,"serre=21, nourriture=15"
577,expedition_retour,True,"exp=136, pieces=14"
578,plantation,True,"serre=40, graines=7"
578,reparation,True,"sinistre=93, tech=13"
580,commande,True,"graines=76, nourriture=200, pieces=55"
581,sinistre_garage,True,"garage=7, pv=75"
585,reparation,True,"sinistre=91, tech=23"
586,expedition_lancement,True,"exp=142, garage=19"
586,expedition_retour,True,"exp=139, pieces=6"
586,sinistre_serre,True,"serre=31, pv=95"
586,reparation,True,"sinistre=94, tech=10"
587,plantation,True,"serre=29, graines=14"
588,plantation,True,"serre=32, graines=4"
588,recolte,True,"serre=23, nourriture=21"
588,sinistre_garage,True,"garage=1, pv=51"
589,expedition_lancement,True,"exp=143, garage=8"
590,plantation,True,"serre=27, graines=7"
590,recolte,True,"serre=39, nourriture=94"
595,plantation,True,"serre=30, graines=13"
595,reparation,True,"sinistre=95, tech=24"
597,expedition_lancement,True,"exp=145, garage=11"
597,expedition_retour,True,"exp=140, pieces=3"
599,plantation,True,"serre=25, graines=7"
599,recolte,True,"serre=34, nourriture=21"
600,commande,True,"graines=85, nourriture=105, pieces=75"
600,plantation,True,"serre=22, graines=13"
600,expedition_retour,True,"exp=141, pieces=9"
600,reparation,True,"sinistre=89, tech=24"
601,reparation,True,"sinistre=96, tech=3"
602,expedition_retour,True,"exp=142, pieces=2"
603,plantation,True,"serre=40, graines=7"
603,recolte,True,"serre=37, nourriture=6"
604,plantation,True,"serre=24, graines=14"
604,expedition_lancement,True,"exp=150, garage=19"
606,plantation,True,"serre=27, graines=9"
606,expedition_retour,True,"exp=145, pieces=8"
606,sinistre_garage,True,"garage=2, pv=89"
607,plantation,True,"serre=39, graines=10"
607,recolte,True,"serre=25, nourriture=7"
607,expedition_lancement,True,"exp=151, garage=13"
608,plantation,True,"serre=27, graines=6"
608,sinistre_serre,True,"serre=39, pv=75"
609,recolte,True,"serre=32, nourriture=31"
610,expedition_lancement,True,"exp=152, garage=2"
611,plantation,True,"serre=26, graines=14"
612,reparation,True,"sinistre=97, tech=8"
613,recolte,True,"serre=33, nourriture=22"
614,expedition_retour,True,"exp=143, pieces=9"
615,recolte,True,"serre=24, nourriture=55"
615,expedition_lancement,True,"exp=154, garage=5"
618,plantation,True,"serre=37, graines=6"
619,plantation,True,"serre=25, graines=14"
620,commande,True,"graines=51, nourriture=118, pieces=38"
620,sinistre_serre,True,"serre=26, pv=70"
622,plantation,True,"serre=33, graines=7"
623,sinistre_garage,True,"garage=9, pv=38"
623,reparation,True,"sinistre=99, tech=9"
624,recolte,True,"serre=30, nourriture=79"
624,expedition_lancement,True,"exp=157, garage=12"
625,plantation,True,"serre=29, graines=12"
625,expedition_retour,True,"exp=150, pieces=11"
626,plantation,True,"serre=25, graines=5"
626,recolte,True,"serre=22, nourriture=13"
626,expedition_lancement,True,"exp=158, garage=3"
628,recolte,True,"serre=40, nourriture=14"
628,expedition_lancement,True,"exp=159, garage=6"
629,plantation,True,"serre=36, graines=9"
629,expedition_retour,True,"exp=157, pieces=2"
630,plantation,True,"serre=28, graines=9"
630,sinistre_garage,True,"garage=19, pv=69"
630,sinistre_serre,True,"serre=21, pv=75"
630,reparation,True,"sinistre=98, tech=17"
631,sinistre_garage,True,"garage=6, pv=71"
632,plantation,True,"serre=26, graines=7"
632,expedition_retour,True,"exp=152, pieces=5"
633,plantation,True,"serre=28, graines=15"
633,recolte,True,"serre=29, nourriture=39"
633,sinistre_garage,True,"garage=17, pv=85"
636,expedition_retour,True,"exp=151, pieces=8"
637,plantation,True,"serre=34, graines=4"
638,plantation,True,"serre=35, graines=8"
639,expedition_retour,True,"exp=154, pieces=4"
640,commande,True,"graines=85, nourriture=130, pieces=44"
640,expedition_retour,True,"exp=158, pieces=2"
640,sinistre_serre,True,"serre=36, pv=93"
641,reparation,True,"sinistre=106, tech=24"
643,plantation,True,"serre=23, graines=15"
643,reparation,True,"sinistre=103, tech=2"
644,expedition_lancement,True,"exp=161, garage=3"
645,plantation,True,"serre=30, graines=8"
645,recolte,True,"serre=23, nourriture=15"
645,reparation,True,"sinistre=101, tech=14"
646,plantation,True,"serre=26, graines=14"
646,expedition_retour,True,"exp=159, pieces=6"
648,plantation,True,"serre=35, graines=13"
651,plantation,True,"serre=30, graines=13"
652,sinistre_serre,True,"serre=39, pv=77"
653,plantation,True,"serre=28, graines=10"
653,expedition_lancement,True,"exp=162, garage=10"
656,plantation,True,"serre=34, graines=4"
658,sinistre_garage,True,"garage=11, pv=89"
659,plantation,True,"serre=31, graines=5"
660,commande,True,"graines=96, nourriture=94, pieces=36"
660,reparation,True,"sinistre=107, tech=26"
661,plantation,True,"serre=21, graines=4"
661,expedition_lancement,True,"exp=163, garage=12"
661,reparation,True,"sinistre=104, tech=7"
662,expedition_lancement,True,"exp=164, garage=17"
662,reparation,True,"sinistre=108, tech=9"
664,plantation,True,"serre=39, graines=5"
665,plantation,True,"serre=21, graines=9"
665,recolte,True,"serre=35, nourriture=21"
665,expedition_lancement,True,"exp=165, garage=4"
669,expedition_retour,True,"exp=161, pieces=10"
669,sinistre_serre,True,"serre=38, pv=75"
670,sinistre_garage,True,"garage=16, pv=93"
672,expedition_lancement,True,"exp=166, garage=16"
673,plantation,True,"serre=32, graines=8"
674,plantation,True,"serre=27, graines=5"
674,expedition_lancement,True,"exp=167, garage=5"
675,plantation,True,"serre=26, graines=7"
676,plantation,True,"serre=33, graines=15"
678,expedition_lancement,True,"exp=169, garage=8"
678,sinistre_garage,True,"garage=5, pv=82"
679,sinistre_garage,True,"garage=6, pv=59"
680,commande,True,"graines=111, nourriture=183, pieces=36"
680,expedition_retour,True,"exp=162, pieces=6"
680,reparation,True,"sinistre=109, tech=18"
681,plantation,True,"serre=29, graines=6"
681,sinistre_garage,True,"garage=17, pv=77"
683,plantation,True,"serre=26, graines=11"
683,reparation,True,"sinistre=102, tech=18"
685,expedition_lancement,True,"exp=170, garage=13"
685,expedition_retour,True,"exp=163, pieces=6"
685,expedition_retour,True,"exp=164, pieces=12"
685,expedition_retour,True,"exp=169, pieces=8"
685,reparation,True,"sinistre=113, tech=18"
686,plantation,True,"serre=31, graines=14"
686,sinistre_serre,True,"serre=31, pv=90"
687,plantation,True,"serre=40, graines=10"
689,plantation,True,"serre=37, graines=3"
689,recolte,True,"serre=31, nourriture=19"
690,plantation,True,"serre=37, graines=10"
691,plantation,True,"serre=38, graines=9"
691,expedition_lancement,True,"exp=172, garage=12"
691,expedition_retour,True,"exp=166, pieces=5"
692,recolte,True,"serre=32, nourriture=8"
692,reparation,True,"sinistre=110, tech=5"
693,expedition_retour,True,"exp=165, pieces=11"
693,expedition_retour,True,"exp=167, pieces=15"
694,recolte,True,"serre=27, nourriture=27"
699,recolte,True,"serre=33, nourriture=22"
700,commande,True,"graines=84, nourriture=91, pieces=80"
700,plantation,True,"serre=29, graines=9"
700,expedition_lancement,True,"exp=174, garage=10"
700,sinistre_serre,True,"serre=37, pv=72"
701,plantation,True,"serre=23, graines=14"
703,expedition_lancement,True,"exp=175, garage=18"
703,expedition_retour,True,"exp=170, pieces=5"
703,sinistre_serre,True,"serre=26, pv=86"
703,reparation,True,"sinistre=114, tech=9"
704,expedition_retour,True,"exp=172, pieces=15"
704,sinistre_serre,True,"serre=24, pv=90"
705,recolte,True,"serre=23, nourriture=14"
708,plantation,True,"serre=23, graines=13"
708,expedition_lancement,True,"exp=176, garage=12"
708,reparation,True,"sinistre=112, tech=19"
709,recolte,True,"serre=40, nourriture=10"
709,reparation,True,"sinistre=111, tech=6"
711,plantation,True,"serre=28, graines=11"
713,recolte,True,"serre=29, nourriture=15"
714,plantation,True,"serre=33, graines=6"
714,recolte,True,"serre=30, nourriture=21"
714,expedition_lancement,True,"exp=177, garage=8"
715,recolte,True,"serre=28, nourriture=83"
716,sinistre_serre,True,"serre=30, pv=71"
717,plantation,True,"serre=23, graines=8"
717,recolte,True,"serre=23, nourriture=21"
718,expedition_retour,True,"exp=174, pieces=2"
719,plantation,True,"serre=37, graines=11"
720,commande,True,"graines=104, nourriture=133, pieces=33"
720,reparation,True,"sinistre=119, tech=11"
721,plantation,True,"serre=32, graines=13"
721,expedition_retour,True,"exp=175, pieces=14"
721,sinistre_serre,True,"serre=21, pv=88"
721,reparation,True,"sinistre=116, tech=22"
724,expedition_lancement,True,"exp=179, garage=6"
724,reparation,True,"sinistre=117, tech=14"
725,reparation,True,"sinistre=118, tech=7"
727,plantation,True,"serre=31, graines=13"
728,plantation,True,"serre=39, graines=15"
731,plantation,True,"serre=30, graines=6"
732,plantation,True,"serre=39, graines=14"
733,expedition_lancement,True,"exp=182, garage=13"
736,expedition_lancement,True,"exp=183, garage=19"
737,expedition_lancement,True,"exp=184, garage=15"
737,reparation,True,"sinistre=120, tech=19"
738,plantation,True,"serre=29, graines=3"
738,expedition_retour,True,"exp=179, pieces=8"
738,sinistre_serre,True,"serre=28, pv=95"
739,reparation,True,"sinistre=121, tech=20"
740,commande,True,"graines=94, nourriture=127, pieces=48"
740,reparation,True,"sinistre=100, tech=18"
741,plantation,True,"serre=27, graines=11"
741,expedition_retour,True,"exp=176, pieces=3"
742,expedition_retour,True,"exp=184, pieces=2"
742,sinistre_serre,True,"serre=27, pv=51"
744,sinistre_serre,True,"serre=39, pv=64"
746,expedition_lancement,True,"exp=187, garage=16"
747,plantation,True,"serre=22, graines=11"
750,recolte,True,"serre=33, nourriture=6"
751,plantation,True,"serre=33, graines=12"
752,recolte,True,"serre=33, nourriture=12"
753,plantation,True,"serre=35, graines=3"
754,plantation,True,"serre=34, graines=5"
754,expedition_retour,True,"exp=182, pieces=14"
755,recolte,True,"serre=34, nourriture=13"
755,expedition_lancement,True,"exp=188, garage=7"
755,expedition_retour,True,"exp=177, pieces=2"
756,expedition_retour,True,"exp=187, pieces=2"
757,plantation,True,"serre=34, graines=11"
757,expedition_lancement,True,"exp=189, garage=8"
758,sinistre_garage,True,"garage=4, pv=95"
758,reparation,True,"sinistre=124, tech=26"
759,plantation,True,"serre=25, graines=4"
759,sinistre_serre,True,"serre=36, pv=95"
760,commande,True,"graines=88, nourriture=183, pieces=38"
760,plantation,True,"serre=29, graines=5"
760,recolte,True,"serre=31, nourriture=13"
760,reparation,True,"sinistre=122, tech=20"
761,sinistre_serre,True,"serre=34, pv=42"
762,plantation,True,"serre=23, graines=5"
762,recolte,True,"serre=23, nourriture=5"
765,plantation,True,"serre=34, graines=7"
766,sinistre_garage,True,"garage=15, pv=57"
766,reparation,True,"sinistre=125, tech=17"
767,plantation,True,"serre=40, graines=15"
767,expedition_lancement,True,"exp=190, garage=2"
769,expedition_lancement,True,"exp=191, garage=11"
770,recolte,True,"serre=22, nourriture=11"
771,expedition_retour,True,"exp=183, pieces=4"
772,recolte,True,"serre=37, nourriture=30"
774,sinistre_garage,True,"garage=9, pv=15"
775,plantation,True,"serre=33, graines=8"
776,expedition_lancement,True,"exp=192, garage=18"
776,expedition_retour,True,"exp=188, pieces=10"
777,plantation,True,"serre=32, graines=15"
777,expedition_lancement,True,"exp=193, garage=15"
778,expedition_lancement,True,"exp=194, garage=16"
779,recolte,True,"serre=40, nourriture=15"
780,commande,True,"graines=83, nourriture=172, pieces=76"
780,expedition_retour,True,"exp=189, pieces=5"
781,recolte,True,"serre=34, nourriture=18"
781,sinistre_serre,True,"serre=32, pv=69"
782,plantation,True,"serre=34, graines=4"
782,expedition_lancement,True,"exp=197, garage=12"
782,sinistre_serre,True,"serre=23, pv=73"
783,plantation,True,"serre=28, graines=15"
784,plantation,True,"serre=38, graines=4"
785,plantation,True,"serre=38, graines=9"
785,recolte,True,"serre=35, nourriture=3"
785,expedition_retour,True,"exp=191, pieces=6"
786,plantation,True,"serre=32, graines=9"
786,recolte,True,"serre=26, nourriture=53"
786,sinistre_garage,True,"garage=2, pv=17"
786,reparation,True,"sinistre=123, tech=17"
788,sinistre_garage,True,"garage=11, pv=88"
789,recolte,True,"serre=39, nourriture=44"
790,expedition_retour,True,"exp=193, pieces=8"
792,sinistre_serre,True,"serre=33, pv=83"
792,reparation,True,"sinistre=129, tech=17"
793,expedition_retour,True,"exp=192, pieces=7"
794,plantation,True,"serre=22, graines=13"
794,recolte,True,"serre=25, nourriture=23"
794,expedition_retour,True,"exp=190, pieces=3"
794,sinistre_serre,True,"serre=22, pv=32"
795,plantation,True,"serre=24, graines=4"
795,reparation,True,"sinistre=132, tech=16"
796,expedition_lancement,True,"exp=202, garage=1"
797,recolte,True,"serre=24, nourriture=4"
798,plantation,True,"serre=31, graines=12"
799,plantation,True,"serre=40, graines=5"
800,commande,True,"graines=62, nourriture=145, pieces=38"
800,plantation,True,"serre=22, graines=7"
800,recolte,True,"serre=36, nourriture=9"
800,expedition_retour,True,"exp=194, pieces=13"
801,recolte,True,"serre=27, nourriture=11"
801,reparation,True,"sinistre=134, tech=6"
804,plantation,True,"serre=39, graines=4"
804,expedition_lancement,True,"exp=203, garage=4"
805,plantation,True,"serre=33, graines=6"
806,plantation,True,"serre=23, graines=7"
807,expedition_lancement,True,"exp=204, garage=8"
808,recolte,True,"serre=32, nourriture=37"
808,reparation,True,"sinistre=133, tech=10"
809,plantation,True,"serre=34, graines=8"
811,plantation,True,"serre=22, graines=13"
812,sinistre_serre,True,"serre=38, pv=95"
813,plantation,True,"serre=26, graines=13"
813,expedition_retour,True,"exp=197, pieces=8"
814,plantation,True,"serre=31, graines=13"
814,sinistre_garage,True,"garage=5, pv=42"
815,expedition_lancement,True,"exp=205, garage=13"
816,expedition_lancement,True,"exp=206, garage=20"
817,plantation,True,"serre=33, graines=12"
819,plantation,True,"serre=40, graines=7"
819,expedition_retour,True,"exp=202, pieces=13"
819,reparation,True,"sinistre=135, tech=13"
820,commande,True,"graines=101, nourriture=87, pieces=54"
820,plantation,True,"serre=29, graines=9"
821,plantation,True,"serre=36, graines=13"
821,expedition_lancement,True,"exp=207, garage=9"
821,sinistre_garage,True,"garage=6, pv=68"
822,plantation,True,"serre=36, graines=8"
822,expedition_lancement,True,"exp=208, garage=1"
822,reparation,True,"sinistre=126, tech=4"
823,recolte,True,"serre=36, nourriture=21"
824,expedition_lancement,True,"exp=209, garage=7"
826,sinistre_serre,True,"serre=31, pv=95"
827,expedition_retour,True,"exp=203, pieces=5"
827,expedition_retour,True,"exp=204, pieces=2"
827,reparation,True,"sinistre=130, tech=13"
829,plantation,True,"serre=39, graines=6"
829,expedition_retour,True,"exp=209, pieces=6"
830,plantation,True,"serre=25, graines=12"
831,plantation,True,"serre=34, graines=8"
832,recolte,True,"serre=31, nourriture=25"
832,expedition_retour,True,"exp=205, pieces=10"
833,recolte,True,"serre=30, nourriture=6"
834,plantation,True,"serre=39, graines=9"
835,expedition_lancement,True,"exp=211, garage=3"
836,plantation,True,"serre=35, graines=15"
837,expedition_retour,True,"exp=207, pieces=12"
838,reparation,True,"sinistre=137, tech=11"
840,commande,True,"graines=73, nourriture=198, pieces=46"
840,expedition_retour,True,"exp=206, pieces=4"
840,sinistre_serre,True,"serre=39, pv=87"
840,reparation,True,"sinistre=138, tech=11"
841,plantation,True,"serre=37, graines=3"
841,recolte,True,"serre=38, nourriture=52"
843,expedition_lancement,True,"exp=212, garage=4"
844,sinistre_serre,True,"serre=32, pv=66"
845,plantation,True,"serre=29, graines=5"
846,expedition_lancement,True,"exp=213, garage=11"
846,sinistre_garage,True,"garage=19, pv=89"
847,plantation,True,"serre=29, graines=12"
847,expedition_retour,True,"exp=208, pieces=7"
847,expedition_retour,True,"exp=211, pieces=5"
848,recolte,True,"serre=23, nourriture=7"
849,plantation,True,"serre=25, graines=13"
849,recolte,True,"serre=26, nourriture=13"
850,plantation,True,"serre=25, graines=5"
850,recolte,True,"serre=21, nourriture=13"
850,sinistre_garage,True,"garage=10, pv=72"
852,sinistre_garage,True,"garage=12, pv=59"
852,reparation,True,"sinistre=142, tech=8"
853,plantation,True,"serre=38, graines=14"
853,recolte,True,"serre=40, nourriture=12"
853,expedition_lancement,True,"exp=214, garage=19"
854,plantation,True,"serre=24, graines=6"
854,sinistre_serre,True,"serre=23, pv=95"
855,expedition_lancement,True,"exp=215, garage=16"
857,expedition_lancement,True,"exp=216, garage=5"
858,expedition_retour,True,"exp=212, pieces=11"
859,plantation,True,"serre=39, graines=7"
859,expedition_lancement,True,"exp=217, garage=17"
859,reparation,True,"sinistre=144, tech=9"
860,commande,True,"graines=86, nourriture=187, pieces=59"
860,expedition_lancement,True,"exp=218, garage=6"
860,reparation,True,"sinistre=127, tech=2"
863,plantation,True,"serre=22, graines=3"
864,reparation,True,"sinistre=139, tech=26"
865,plantation,True,"serre=36, graines=9"
866,plantation,True,"serre=40, graines=3"
866,recolte,True,"serre=33, nourriture=26"
866,reparation,True,"sinistre=145, tech=6"
868,plantation,True,"serre=32, graines=13"
868,recolte,True,"serre=25, nourriture=30"
868,expedition_retour,True,"exp=216, pieces=13"
869,sinistre_garage,True,"garage=7, pv=48"
870,plantation,True,"serre=38, graines=9"
871,plantation,True,"serre=36, graines=4"
871,expedition_retour,True,"exp=213, pieces=4"
876,plantation,True,"serre=38, graines=4"
876,recolte,True,"serre=39, nourriture=26"
876,expedition_lancement,True,"exp=221, garage=1"
878,plantation,True,"serre=24, graines=4"
878,expedition_retour,True,"exp=215, pieces=2"
879,recolte,True,"serre=35, nourriture=15"
879,expedition_lancement,True,"exp=222, garage=3"
879,reparation,True,"sinistre=141, tech=4"
880,commande,True,"graines=77, nourriture=168, pieces=52"
881,expedition_retour,True,"exp=214, pieces=11"
882,expedition_retour,True,"exp=218, pieces=8"
882,sinistre_garage,True,"garage=12, pv=95"
883,plantation,True,"serre=35, graines=4"
888,expedition_lancement,True,"exp=224, garage=12"
888,expedition_retour,True,"exp=217, pieces=2"
888,reparation,True,"sinistre=149, tech=6"
889,expedition_lancement,True,"exp=225, garage=6"
890,recolte,True,"serre=22, nourriture=36"
890,expedition_lancement,True,"exp=226, garage=11"
890,reparation,True,"sinistre=148, tech=13"
891,plantation,True,"serre=21, graines=3"
891,sinistre_serre,True,"serre=35, pv=95"
891,reparation,True,"sinistre=150, tech=14"
892,plantation,True,"serre=31, graines=14"
893,plantation,True,"serre=26, graines=8"
894,expedition_lancement,True,"exp=229, garage=15"
897,recolte,True,"serre=37, nourriture=3"
899,plantation,True,"serre=33, graines=12"
899,expedition_retour,True,"exp=224, pieces=4"
900,commande,True,"graines=118, nourriture=200, pieces=79"
900,plantation,True,"serre=28, graines=9"
900,recolte,True,"serre=28, nourriture=24"
900,expedition_retour,True,"exp=221, pieces=3"
901,plantation,True,"serre=21, graines=10"
902,expedition_lancement,True,"exp=230, garage=5"
902,expedition_retour,True,"exp=222, pieces=9"
902,reparation,True,"sinistre=143, tech=6"
903,plantation,True,"serre=27, graines=9"
904,sinistre_serre,True,"serre=33, pv=36"
905,plantation,True,"serre=21, graines=4"
905,reparation,True,"sinistre=151, tech=4"
908,recolte,True,"serre=21, nourriture=17"
909,plantation,True,"serre=34, graines=4"
909,expedition_retour,True,"exp=226, pieces=6"
910,plantation,True,"serre=34, graines=7"
912,recolte,True,"serre=24, nourriture=10"
913,plantation,True,"serre=36, graines=5"
914,plantation,True,"serre=24, graines=6"
914,recolte,True,"serre=36, nourriture=18"
914,expedition_retour,True,"exp=229, pieces=14"
914,sinistre_serre,True,"serre=24, pv=57"
916,plantation,True,"serre=40, graines=15"
916,recolte,True,"serre=35, nourriture=4"
916,expedition_lancement,True,"exp=232, garage=14"
917,sinistre_serre,True,"serre=30, pv=95"
920,commande,True,"graines=75, nourriture=126, pieces=32"
920,plantation,True,"serre=24, graines=14"
920,expedition_retour,True,"exp=230, pieces=15"
920,reparation,True,"sinistre=136, tech=4"
921,plantation,True,"serre=29, graines=10"
922,expedition_lancement,True,"exp=234, garage=12"
922,reparation,True,"sinistre=153, tech=7"
923,plantation,True,"serre=21, graines=10"
923,expedition_lancement,True,"exp=235, garage=13"
924,expedition_retour,True,"exp=225, pieces=12"
925,plantation,True,"serre=33, graines=10"
925,expedition_lancement,True,"exp=237, garage=20"
927,expedition_lancement,True,"exp=238, garage=3"
928,plantation,True,"serre=24, graines=9"
928,expedition_lancement,True,"exp=239, garage=18"
928,expedition_retour,True,"exp=235, pieces=6"
929,sinistre_serre,True,"serre=27, pv=85"
930,expedition_lancement,True,"exp=240, garage=4"
931,expedition_lancement,True,"exp=241, garage=6"
936,plantation,True,"serre=33, graines=5"
937,expedition_lancement,True,"exp=244, garage=8"
937,expedition_retour,True,"exp=240, pieces=11"
937,sinistre_serre,True,"serre=21, pv=94"
938,plantation,True,"serre=33, graines=5"
939,recolte,True,"serre=26, nourriture=8"
939,sinistre_garage,True,"garage=8, pv=87"
939,reparation,True,"sinistre=156, tech=26"
940,commande,True,"graines=67, nourriture=92, pieces=67"
940,reparation,True,"sinistre=128, tech=18"
941,plantation,True,"serre=33, graines=12"
942,plantation,True,"serre=31, graines=13"
943,plantation,True,"serre=26, graines=8"
943,expedition_lancement,True,"exp=245, garage=11"
943,expedition_retour,True,"exp=239, pieces=14"
943,reparation,True,"sinistre=154, tech=2"
944,recolte,True,"serre=29, nourriture=44"
945,plantation,True,"serre=31, graines=3"
945,expedition_retour,True,"exp=234, pieces=4"
945,reparation,True,"sinistre=155, tech=9"
946,plantation,True,"serre=30, graines=10"
946,expedition_retour,True,"exp=241, pieces=13"
946,sinistre_serre,True,"serre=37, pv=81"
947,recolte,True,"serre=27, nourriture=9"
947,sinistre_garage,True,"garage=14, pv=95"
948,plantation,True,"serre=29, graines=7"
948,expedition_retour,True,"exp=232, pieces=9"
949,expedition_retour,True,"exp=237, pieces=3"
949,sinistre_serre,True,"serre=23, pv=71"
950,plantation,True,"serre=32, graines=9"
950,reparation,True,"sinistre=159, tech=26"
951,expedition_retour,True,"exp=238, pieces=4"
952,expedition_lancement,True,"exp=246, garage=14"
954,expedition_lancement,True,"exp=247, garage=15"
954,reparation,True,"sinistre=158, tech=26"
957,sinistre_garage,True,"garage=13, pv=94"
957,sinistre_serre,True,"serre=23, pv=57"
959,plantation,True,"serre=39, graines=11"
960,commande,True,"graines=91, nourriture=118, pieces=73"
960,plantation,True,"serre=31, graines=11"
960,expedition_lancement,True,"exp=248, garage=9"
960,expedition_retour,True,"exp=244, pieces=10"
960,expedition_retour,True,"exp=246, pieces=12"
961,plantation,True,"serre=24, graines=8"
962,plantation,True,"serre=22, graines=4"
962,reparation,True,"sinistre=160, tech=3"
963,reparation,True,"sinistre=131, tech=23"
964,expedition_lancement,True,"exp=249, garage=14"
966,plantation,True,"serre=30, graines=15"
968,sinistre_serre,True,"serre=28, pv=47"
969,sinistre_serre,True,"serre=32, pv=89"
970,plantation,True,"serre=33, graines=4"
972,plantation,True,"serre=33, graines=3"
972,recolte,True,"serre=30, nourriture=25"
972,expedition_retour,True,"exp=245, pieces=8"
973,plantation,True,"serre=38, graines=10"
973,recolte,True,"serre=40, nourriture=18"
973,reparation,True,"sinistre=157, tech=25"
975,recolte,True,"serre=34, nourriture=31"
975,expedition_retour,True,"exp=247, pieces=8"
977,plantation,True,"serre=27, graines=6"
977,expedition_lancement,True,"exp=250, garage=6"
977,sinistre_serre,True,"serre=29, pv=83"
978,plantation,True,"serre=26, graines=11"
978,expedition_lancement,True,"exp=251, garage=12"
980,commande,True,"graines=89, nourriture=95, pieces=64"
980,recolte,True,"serre=38, nourriture=37"
981,reparation,True,"sinistre=161, tech=12"
982,recolte,True,"serre=24, nourriture=37"
983,plantation,True,"serre=28, graines=5"
983,expedition_lancement,True,"exp=253, garage=13"
984,plantation,True,"serre=23, graines=12"
985,plantation,True,"serre=35, graines=3"
986,plantation,True,"serre=26, graines=3"
986,expedition_lancement,True,"exp=254, garage=1"
988,expedition_lancement,True,"exp=255, garage=18"
989,plantation,True,"serre=25, graines=7"
990,recolte,True,"serre=22, nourriture=4"
990,sinistre_serre,True,"serre=25, pv=91"
991,recolte,True,"serre=23, nourriture=12"
992,plantation,True,"serre=32, graines=13"
994,recolte,True,"serre=26, nourriture=22"
995,expedition_lancement,True,"exp=259, garage=10"
995,sinistre_garage,True,"garage=19, pv=95"
996,expedition_retour,True,"exp=248, pieces=5"
996,expedition_retour,True,"exp=250, pieces=4"
997,reparation,True,"sinistre=163, tech=4"
999,reparation,True,"sinistre=167, tech=24"
1000,commande,True,"graines=112, nourriture=175, pieces=66"
1000,plantation,True,"serre=34, graines=7"
1000,recolte,True,"serre=28, nourriture=5"
1000,reparation,True,"sinistre=162, tech=24"
